scenario,system,wrongRate,autoRate,defaultRate,heldRate,oracleTxsPerEvent,oracleGasPerEvent,settleGasPerEvent,gasPerPolicy,roundsPerEvent
honest,ties,0.0155,0.766,0.234,0,6.64,684713.92,1221144.91,61057.2455,1.2
honest,single,0.0225,1,0,0,1,95062.4,223497,11174.85,1
honest,avg2,0.022,1,0,0,2,173024.8,225842.06,11292.103,1
honest,median3,0.0245,1,0,0,3,250987.08,240250.35,12012.5175,1
honest,median7,0.0185,1,0,0,7,562837.04,244759.46,12237.973,1
compromised-feed,ties,0.015,0.732,0.268,0,10.04,1027550.82,2886404.13,144320.2065,2.95
compromised-feed,single,0.024,1,0,0,1,95062.52,223486.7,11174.335,1
compromised-feed,avg2,0.4955,1,0,0,2,173025.4,223244,11162.2,1
compromised-feed,median3,0.4955,1,0,0,3,250988.28,237108,11855.4,1
compromised-feed,median7,0.0245,1,0,0,7,562838.12,244494.79,12224.7395,1
two-keys-one-feed,ties,0.0225,0.735,0.265,0,8.58,880237.13,2098700.28,104935.014,2.15
two-keys-one-feed,single,0.0255,1,0,0,1,95062.28,223359.8,11167.99,1
two-keys-one-feed,avg2,0.0195,1,0,0,2,173024.44,225775.52,11288.776,1
two-keys-one-feed,median3,0.0365,1,0,0,3,250986.6,239909.95,11995.4975,1
two-keys-one-feed,median7,0.02,1,0,0,7,562835.72,244625.3,12231.265,1
noisy-source,ties,0.018,0.6795,0.3205,0,8.02,823642.09,1865845.36,93292.268,1.8
noisy-source,single,0.029,1,0,0,1,95062.4,223365.98,11168.299,1
noisy-source,avg2,0.024,1,0,0,2,173024.68,225733.7,11286.685,1
noisy-source,median3,0.028,1,0,0,3,250987.08,240028.57,12001.4285,1
noisy-source,median7,0.0185,1,0,0,7,562835.72,244744.82,12237.241,1
late-source,ties,0.0215,0.7405,0.2595,0,7.46,724968.15,1991174.86,99558.743,2.13
late-source,single,0.0265,1,0,0,1,95062.64,223432.52,11171.626,1
late-source,avg2,0.0265,1,0,0,2,173025.16,225844.12,11292.206,1
late-source,median3,0.0265,1,0,0,2,173025.16,239843.11,11992.1555,1
late-source,median7,0,0,0,1,6,484874.88,0,0,1
silent-source,ties,0.018,0.741,0.259,0,7.48,726925.56,1976587.57,98829.3785,2.11
silent-source,single,0.03,1,0,0,1,95062.28,223466.1,11173.305,1
silent-source,avg2,0.0265,1,0,0,2,173024.68,225827.64,11291.382,1
silent-source,median3,0.0265,1,0,0,2,173024.68,239787.01,11989.3505,1
silent-source,median7,0,0,0,1,6,484874.76,0,0,1
unavailable-source,ties,0.02,0.744,0.256,0,6.52,672144.18,1999692.12,99984.606,2.15
unavailable-source,single,0.028,1,0,0,1,95062.28,223389.26,11169.463,1
unavailable-source,avg2,0.023,1,0,0,2,173024.68,225721.34,11286.067,1
unavailable-source,median3,0.023,1,0,0,2,173024.68,239689.2,11984.46,1
unavailable-source,median7,0,0,0,1,6,484874.52,0,0,1
borderline,ties,0.281,0,1,0,6.08,628460.84,1125996.22,56299.811,1.02
borderline,single,0.306,1,0,0,1,95062.52,219254.46,10962.723,1
borderline,avg2,0.272,1,0,0,2,173025.04,222855.14,11142.757,1
borderline,median3,0.284,1,0,0,3,250987.44,237184.97,11859.2485,1
borderline,median7,0.2615,1,0,0,7,562837.16,242511.2,12125.56,1
forged-report,ties,0.017,0.74,0.26,0,8.46,786169.67,2000333.47,100016.6735,2.14
forged-report,single,0.022,1,0,0,1,95062.52,223451.06,11172.553,1
forged-report,avg2,0.4955,1,0,0,2,173025.4,223244,11162.2,1
forged-report,median3,0.027,1,0,0,3,250987.68,240335.96,12016.798,1
forged-report,median7,0.02,1,0,0,7,562837.64,245789.06,12289.453,1
inconsistent-rounds,ties,0.018,0.7505,0.2495,0,6.12,632492.06,1108555.93,55427.7965,1.04
inconsistent-rounds,single,0.0285,1,0,0,1,95062.4,223372.16,11168.608,1
inconsistent-rounds,avg2,0.019,1,0,0,2,173024.68,225850.3,11292.515,1
inconsistent-rounds,median3,0.018,1,0,0,3,250987.08,240114.34,12005.717,1
inconsistent-rounds,median7,0.0365,1,0,0,7,562837.88,243601.68,12180.084,1
